site,month,hour,kw_per_kw
north,1,0,0.0
north,1,1,0.0
north,1,2,0.0
north,1,3,0.0
north,1,4,0.0
north,1,5,0.0
north,1,6,0.0
north,1,7,0.0
north,1,8,0.0422
north,1,9,0.1981
north,1,10,0.3259
north,1,11,0.4066
north,1,12,0.4589
north,1,13,0.4485
north,1,14,0.4002
north,1,15,0.2901
north,1,16,0.162
north,1,17,0.0236
north,1,18,0.0
north,1,19,0.0
north,1,20,0.0
north,1,21,0.0
north,1,22,0.0
north,1,23,0.0
north,2,0,0.0
north,2,1,0.0
north,2,2,0.0
north,2,3,0.0
north,2,4,0.0
north,2,5,0.0
north,2,6,0.0
north,2,7,0.0034
north,2,8,0.0912
north,2,9,0.2102
north,2,10,0.3073
north,2,11,0.3781
north,2,12,0.4574
north,2,13,0.4411
north,2,14,0.416
north,2,15,0.3248
north,2,16,0.198
north,2,17,0.0752
north,2,18,0.0026
north,2,19,0.0
north,2,20,0.0
north,2,21,0.0
north,2,22,0.0
north,2,23,0.0
north,3,0,0.0
north,3,1,0.0
north,3,2,0.0
north,3,3,0.0
north,3,4,0.0
north,3,5,0.0
north,3,6,0.0008
north,3,7,0.0516
north,3,8,0.1804
north,3,9,0.3011
north,3,10,0.3981
north,3,11,0.4558
north,3,12,0.4736
north,3,13,0.4569
north,3,14,0.4169
north,3,15,0.3395
north,3,16,0.2374
north,3,17,0.1284
north,3,18,0.0289
north,3,19,0.0
north,3,20,0.0
north,3,21,0.0
north,3,22,0.0
north,3,23,0.0
north,4,0,0.0
north,4,1,0.0
north,4,2,0.0
north,4,3,0.0
north,4,4,0.0
north,4,5,0.0
north,4,6,0.015
north,4,7,0.0996
north,4,8,0.216
north,4,9,0.3365
north,4,10,0.3986
north,4,11,0.4582
north,4,12,0.4492
north,4,13,0.4452
north,4,14,0.4167
north,4,15,0.3317
north,4,16,0.2335
north,4,17,0.148
north,4,18,0.053
north,4,19,0.0036
north,4,20,0.0
north,4,21,0.0
north,4,22,0.0
north,4,23,0.0
north,5,0,0.0
north,5,1,0.0
north,5,2,0.0
north,5,3,0.0
north,5,4,0.0
north,5,5,0.0061
north,5,6,0.0476
north,5,7,0.1554
north,5,8,0.275
north,5,9,0.3895
north,5,10,0.4858
north,5,11,0.526
north,5,12,0.5239
north,5,13,0.524
north,5,14,0.4886
north,5,15,0.4023
north,5,16,0.2983
north,5,17,0.2033
north,5,18,0.0812
north,5,19,0.0171
north,5,20,0.0
north,5,21,0.0
north,5,22,0.0
north,5,23,0.0
north,6,0,0.0
north,6,1,0.0
north,6,2,0.0
north,6,3,0.0
north,6,4,0.0
north,6,5,0.0112
north,6,6,0.0516
north,6,7,0.1575
north,6,8,0.273
north,6,9,0.3923
north,6,10,0.4622
north,6,11,0.5015
north,6,12,0.4996
north,6,13,0.4769
north,6,14,0.4639
north,6,15,0.393
north,6,16,0.3037
north,6,17,0.2043
north,6,18,0.1052
north,6,19,0.029
north,6,20,0.0022
north,6,21,0.0
north,6,22,0.0
north,6,23,0.0
north,7,0,0.0
north,7,1,0.0
north,7,2,0.0
north,7,3,0.0
north,7,4,0.0
north,7,5,0.0059
north,7,6,0.0393
north,7,7,0.145
north,7,8,0.2672
north,7,9,0.3905
north,7,10,0.4871
north,7,11,0.5146
north,7,12,0.517
north,7,13,0.5114
north,7,14,0.4765
north,7,15,0.4085
north,7,16,0.3072
north,7,17,0.2132
north,7,18,0.1041
north,7,19,0.0266
north,7,20,0.0015
north,7,21,0.0
north,7,22,0.0
north,7,23,0.0
north,8,0,0.0
north,8,1,0.0
north,8,2,0.0
north,8,3,0.0
north,8,4,0.0
north,8,5,0.0003
north,8,6,0.0196
north,8,7,0.106
north,8,8,0.2308
north,8,9,0.3621
north,8,10,0.4473
north,8,11,0.4821
north,8,12,0.521
north,8,13,0.503
north,8,14,0.4557
north,8,15,0.3743
north,8,16,0.2957
north,8,17,0.182
north,8,18,0.0718
north,8,19,0.0098
north,8,20,0.0
north,8,21,0.0
north,8,22,0.0
north,8,23,0.0
north,9,0,0.0
north,9,1,0.0
north,9,2,0.0
north,9,3,0.0
north,9,4,0.0
north,9,5,0.0
north,9,6,0.006
north,9,7,0.0756
north,9,8,0.1794
north,9,9,0.2787
north,9,10,0.3708
north,9,11,0.4193
north,9,12,0.4537
north,9,13,0.4329
north,9,14,0.3944
north,9,15,0.3106
north,9,16,0.2147
north,9,17,0.1117
north,9,18,0.0232
north,9,19,0.0002
north,9,20,0.0
north,9,21,0.0
north,9,22,0.0
north,9,23,0.0
north,10,0,0.0
north,10,1,0.0
north,10,2,0.0
north,10,3,0.0
north,10,4,0.0
north,10,5,0.0
north,10,6,0.0
north,10,7,0.0374
north,10,8,0.1378
north,10,9,0.2367
north,10,10,0.3015
north,10,11,0.3518
north,10,12,0.3561
north,10,13,0.3377
north,10,14,0.2961
north,10,15,0.2218
north,10,16,0.1496
north,10,17,0.0453
north,10,18,0.0004
north,10,19,0.0
north,10,20,0.0
north,10,21,0.0
north,10,22,0.0
north,10,23,0.0
north,11,0,0.0
north,11,1,0.0
north,11,2,0.0
north,11,3,0.0
north,11,4,0.0
north,11,5,0.0
north,11,6,0.0
north,11,7,0.0055
north,11,8,0.0924
north,11,9,0.1861
north,11,10,0.2744
north,11,11,0.3201
north,11,12,0.3074
north,11,13,0.3192
north,11,14,0.2672
north,11,15,0.1844
north,11,16,0.0893
north,11,17,0.0046
north,11,18,0.0
north,11,19,0.0
north,11,20,0.0
north,11,21,0.0
north,11,22,0.0
north,11,23,0.0
north,12,0,0.0
north,12,1,0.0
north,12,2,0.0
north,12,3,0.0
north,12,4,0.0
north,12,5,0.0
north,12,6,0.0
north,12,7,0.0
north,12,8,0.0521
north,12,9,0.2004
north,12,10,0.3275
north,12,11,0.4056
north,12,12,0.4516
north,12,13,0.429
north,12,14,0.3511
north,12,15,0.2421
north,12,16,0.104
north,12,17,0.0003
north,12,18,0.0
north,12,19,0.0
north,12,20,0.0
north,12,21,0.0
north,12,22,0.0
north,12,23,0.0
south,1,0,0.0
south,1,1,0.0
south,1,2,0.0
south,1,3,0.0
south,1,4,0.0
south,1,5,0.0
south,1,6,0.0
south,1,7,0.0
south,1,8,0.0445
south,1,9,0.1962
south,1,10,0.3189
south,1,11,0.4118
south,1,12,0.4578
south,1,13,0.4436
south,1,14,0.3924
south,1,15,0.2929
south,1,16,0.1682
south,1,17,0.032
south,1,18,0.0
south,1,19,0.0
south,1,20,0.0
south,1,21,0.0
south,1,22,0.0
south,1,23,0.0
south,2,0,0.0
south,2,1,0.0
south,2,2,0.0
south,2,3,0.0
south,2,4,0.0
south,2,5,0.0
south,2,6,0.0
south,2,7,0.0027
south,2,8,0.0825
south,2,9,0.2098
south,2,10,0.3088
south,2,11,0.4042
south,2,12,0.4627
south,2,13,0.4314
south,2,14,0.3892
south,2,15,0.3091
south,2,16,0.1921
south,2,17,0.0819
south,2,18,0.0037
south,2,19,0.0
south,2,20,0.0
south,2,21,0.0
south,2,22,0.0
south,2,23,0.0
south,3,0,0.0
south,3,1,0.0
south,3,2,0.0
south,3,3,0.0
south,3,4,0.0
south,3,5,0.0
south,3,6,0.0006
south,3,7,0.0483
south,3,8,0.1804
south,3,9,0.3225
south,3,10,0.4281
south,3,11,0.4694
south,3,12,0.4737
south,3,13,0.432
south,3,14,0.3861
south,3,15,0.3092
south,3,16,0.2213
south,3,17,0.1308
south,3,18,0.0295
south,3,19,0.0
south,3,20,0.0
south,3,21,0.0
south,3,22,0.0
south,3,23,0.0
south,4,0,0.0
south,4,1,0.0
south,4,2,0.0
south,4,3,0.0
south,4,4,0.0
south,4,5,0.0
south,4,6,0.0141
south,4,7,0.1072
south,4,8,0.2171
south,4,9,0.3319
south,4,10,0.4019
south,4,11,0.4566
south,4,12,0.4779
south,4,13,0.4427
south,4,14,0.3903
south,4,15,0.3187
south,4,16,0.2512
south,4,17,0.1585
south,4,18,0.0554
south,4,19,0.0034
south,4,20,0.0
south,4,21,0.0
south,4,22,0.0
south,4,23,0.0
south,5,0,0.0
south,5,1,0.0
south,5,2,0.0
south,5,3,0.0
south,5,4,0.0
south,5,5,0.0047
south,5,6,0.0406
south,5,7,0.1375
south,5,8,0.2531
south,5,9,0.3518
south,5,10,0.4512
south,5,11,0.5079
south,5,12,0.5065
south,5,13,0.4721
south,5,14,0.4463
south,5,15,0.3769
south,5,16,0.295
south,5,17,0.1865
south,5,18,0.0798
south,5,19,0.0158
south,5,20,0.0
south,5,21,0.0
south,5,22,0.0
south,5,23,0.0
south,6,0,0.0
south,6,1,0.0
south,6,2,0.0
south,6,3,0.0
south,6,4,0.0
south,6,5,0.0094
south,6,6,0.0491
south,6,7,0.1578
south,6,8,0.2811
south,6,9,0.3914
south,6,10,0.4734
south,6,11,0.5001
south,6,12,0.5016
south,6,13,0.5073
south,6,14,0.4471
south,6,15,0.3718
south,6,16,0.2893
south,6,17,0.2038
south,6,18,0.1051
south,6,19,0.0311
south,6,20,0.002
south,6,21,0.0
south,6,22,0.0
south,6,23,0.0
south,7,0,0.0
south,7,1,0.0
south,7,2,0.0
south,7,3,0.0
south,7,4,0.0
south,7,5,0.0045
south,7,6,0.0358
south,7,7,0.1386
south,7,8,0.2647
south,7,9,0.3754
south,7,10,0.4798
south,7,11,0.5347
south,7,12,0.5454
south,7,13,0.5328
south,7,14,0.4806
south,7,15,0.4112
south,7,16,0.3166
south,7,17,0.2133
south,7,18,0.1025
south,7,19,0.0257
south,7,20,0.0013
south,7,21,0.0
south,7,22,0.0
south,7,23,0.0
south,8,0,0.0
south,8,1,0.0
south,8,2,0.0
south,8,3,0.0
south,8,4,0.0
south,8,5,0.0001
south,8,6,0.0163
south,8,7,0.0972
south,8,8,0.2148
south,8,9,0.3166
south,8,10,0.4073
south,8,11,0.4847
south,8,12,0.5053
south,8,13,0.4907
south,8,14,0.4411
south,8,15,0.3813
south,8,16,0.2771
south,8,17,0.1827
south,8,18,0.0725
south,8,19,0.0096
south,8,20,0.0
south,8,21,0.0
south,8,22,0.0
south,8,23,0.0
south,9,0,0.0
south,9,1,0.0
south,9,2,0.0
south,9,3,0.0
south,9,4,0.0
south,9,5,0.0
south,9,6,0.0047
south,9,7,0.064
south,9,8,0.1518
south,9,9,0.2672
south,9,10,0.3469
south,9,11,0.4052
south,9,12,0.431
south,9,13,0.3973
south,9,14,0.3497
south,9,15,0.2753
south,9,16,0.1978
south,9,17,0.1056
south,9,18,0.0224
south,9,19,0.0002
south,9,20,0.0
south,9,21,0.0
south,9,22,0.0
south,9,23,0.0
south,10,0,0.0
south,10,1,0.0
south,10,2,0.0
south,10,3,0.0
south,10,4,0.0
south,10,5,0.0
south,10,6,0.0
south,10,7,0.0365
south,10,8,0.1365
south,10,9,0.2318
south,10,10,0.3275
south,10,11,0.3773
south,10,12,0.3875
south,10,13,0.3756
south,10,14,0.3234
south,10,15,0.2572
south,10,16,0.1576
south,10,17,0.0511
south,10,18,0.0006
south,10,19,0.0
south,10,20,0.0
south,10,21,0.0
south,10,22,0.0
south,10,23,0.0
south,11,0,0.0
south,11,1,0.0
south,11,2,0.0
south,11,3,0.0
south,11,4,0.0
south,11,5,0.0
south,11,6,0.0
south,11,7,0.0056
south,11,8,0.0914
south,11,9,0.189
south,11,10,0.2891
south,11,11,0.3215
south,11,12,0.3603
south,11,13,0.3297
south,11,14,0.3006
south,11,15,0.2128
south,11,16,0.1044
south,11,17,0.0075
south,11,18,0.0
south,11,19,0.0
south,11,20,0.0
south,11,21,0.0
south,11,22,0.0
south,11,23,0.0
south,12,0,0.0
south,12,1,0.0
south,12,2,0.0
south,12,3,0.0
south,12,4,0.0
south,12,5,0.0
south,12,6,0.0
south,12,7,0.0
south,12,8,0.0575
south,12,9,0.2151
south,12,10,0.3396
south,12,11,0.4338
south,12,12,0.4697
south,12,13,0.4321
south,12,14,0.3548
south,12,15,0.245
south,12,16,0.1127
south,12,17,0.002
south,12,18,0.0
south,12,19,0.0
south,12,20,0.0
south,12,21,0.0
south,12,22,0.0
south,12,23,0.0
